"","employee_id","test_score"
"1","000af67b",91
"2","003a9cff",273
"3","00bc8536",174
"4","00be1442",303
"5","00d6fdfd",106
"6","0129f72f",402
"7","01aa135f",258
"8","02cba29a",379
"9","0390bb8b",205
"10","03a8743a",265
"11","040001a4",235
"12","04311ecb",174
"13","044c241c",265
"14","04bca1f7",220
"15","04d0de08",356
"16","04de1f43",159
"17","065bef5c",235
"18","06ac534e",273
"19","07e9e2c2",91
"20","07eb21de",205
"21","07f79c30",98
"22","0a096c9c",212
"23","0a52817d",227
"24","0a6e155a",303
"25","0b3f7c51",242
"26","0b5637d7",212
"27","0ba1e858",38
"28","0c6ec688",136
"29","0c843034",189
"30","0d0f885d",182
"31","0d3fab51",326
"32","0d7bb37c",280
"33","0dcd7810",424
"34","0e51b4e7",227
"35","0e5f7d11",288
"36","0e7a60a8",205
"37","0e836902",174
"38","0ee2cf84",106
"39","0f2319ae",379
"40","0f2e5ec9",189
"41","0f4d1cff",386
"42","0f78b6fd",288
"43","10aeb364",265
"44","10c54f24",152
"45","1149fc0d",333
"46","115c7d85",205
"47","116b58cf",182
"48","11c9971a",227
"49","11e44cc7",83
"50","11e61339",341
"51","11e9ac6c",167
"52","12d9bf3a",379
"53","13eee288",280
"54","141e6ecb",364
"55","14544b08",242
"56","149d37b2",235
"57","14a3d50d",197
"58","14f5e806",167
"59","152259c9",265
"60","15995879",273
"61","15a8065a",121
"62","161c4d66",212
"63","1623d0c9",152
"64","16b4eb7c",212
"65","170eaabe",174
"66","17483a7c",295
"67","177de4ed",227
"68","17a4ee4b",189
"69","18c20092",250
"70","1963f987",303
"71","198e1a78",250
"72","1a150568",364
"73","1ae8d25f",220
"74","1b30e815",121
"75","1b32f3f5",250
"76","1b6e0be9",212
"77","1bb4fc5e",212
"78","1be5eccb",402
"79","1c2e4596",303
"80","1ccf7241",265
"81","1dd5b8d0",182
"82","20320ac0",227
"83","20a898a5",174
"84","20c1f2ab",424
"85","212d0ccb",212
"86","2161245d",242
"87","224e8e50",91
"88","233e5f29",174
"89","239f57a2",295
"90","23aba68b",409
"91","2450d532",189
"92","246b221c",303
"93","249a6c42",212
"94","25d23a7c",174
"95","26e1942e",174
"96","26fec077",341
"97","272b93f1",227
"98","27644867",273
"99","2831f170",129
"100","283cb5b2",174
"101","28ca8384",220
"102","28faeb10",98
"103","2aa74cd6",220
"104","2b450c6b",333
"105","2b65a8b7",242
"106","2ba7657f",235
"107","2c218e8f",295
"108","2cc30425",159
"109","2d54740d",311
"110","2d69d975",242
"111","2e0e1cee",250
"112","2e91c3cf",220
"113","2ea241ec",303
"114","2eaaf42c",114
"115","2f3c7c83",159
"116","2f4312d0",348
"117","2f848ab0",295
"118","2f8a425a",235
"119","2fef6027",288
"120","30192bf4",182
"121","312581bc",182
"122","3135ebd2",280
"123","314bc11c",439
"124","325b71cd",144
"125","336361fc",242
"126","33d05649",288
"127","340b1336",265
"128","3474567e",280
"129","35a6eceb",280
"130","35c38582",212
"131","366b1d0f",273
"132","3750c061",258
"133","386b9dad",197
"134","3870bb30",394
"135","38df15ce",220
"136","3a1e550d",242
"137","3a3fed54",197
"138","3b4dd5df",280
"139","3bffd4f8",318
"140","3c2d45cc",288
"141","3c308b87",76
"142","3c528414",167
"143","3c71e2ec",220
"144","3d9e9752",227
"145","3dc6ca19",182
"146","3de78aa1",159
"147","3e3edda6",242
"148","3e8dbe4c",174
"149","3ee66efc",409
"150","40e853ea",227
"151","41890e7a",114
"152","4222521e",326
"153","4397b678",265
"154","43c1d8c2",432
"155","4427aff6",250
"156","445bd5bb",242
"157","4487ca5f",326
"158","4532e76f",220
"159","46c39f61",167
"160","4778d76c",220
"161","47c9b35e",295
"162","47d6fc9f",280
"163","48507fc0",462
"164","49f49cc7",189
"165","49f4dc41",220
"166","4a9eb443",106
"167","4b934557",220
"168","4bd699d4",167
"169","4c594b79",348
"170","4c9b3876",409
"171","4d593345",136
"172","4e8b206b",326
"173","4fa96bbd",197
"174","4ffffa9d",121
"175","5046ef5b",235
"176","50612e98",159
"177","508d4855",144
"178","51532894",288
"179","51623589",220
"180","51b9f4c2",152
"181","51e27cfe",98
"182","51e801e4",159
"183","52204196",205
"184","52b7c12e",326
"185","52fc4d27",303
"186","538f99bc",182
"187","53f52fd8",242
"188","54289dac",227
"189","547584ac",197
"190","55007f0c",242
"191","551ba7ea",265
"192","5700c368",356
"193","571c21ff",83
"194","5722f7d6",212
"195","582e7062",205
"196","586eb60d",98
"197","589fcdd8",318
"198","5a343b35",205
"199","5ab4b656",273
"200","5acf99c0",265
"201","5ad93121",273
"202","5b268514",144
"203","5bc0968a",311
"204","5bcb8806",174
"205","5bd15eec",220
"206","5da9639e",303
"207","5f17a93b",311
"208","5f32922b",220
"209","602410d1",265
"210","602ce2b1",273
"211","60845764",114
"212","610ece3e",129
"213","616e7dc0",295
"214","61a0762d",242
"215","63496c55",242
"216","637e8a0f",220
"217","63c5649d",174
"218","642614af",280
"219","64b4e375",205
"220","64c6833b",333
"221","64e3a1ba",311
"222","65a9dfdd",235
"223","662f3d39",159
"224","6640964f",424
"225","66534e07",167
"226","66810cc9",295
"227","66b83b4b",174
"228","683ba552",356
"229","694626f7",174
"230","699e4d61",189
"231","6ac38c5e",318
"232","6b14f9f8",144
"233","6b707925",121
"234","6c56cf27",265
"235","6d1d3f94",144
"236","6e43d0eb",182
"237","6f6a15c3",227
"238","6f706192",295
"239","6fad20c6",159
"240","6fb92fa9",273
"241","6fe8b754",197
"242","6ffbce77",174
"243","70028ff8",152
"244","705a7b97",402
"245","70d7c0fd",220
"246","70ee73b9",212
"247","71aa7b78",303
"248","726895c8",212
"249","72a59199",379
"250","72c9ce58",152
"251","72cd94a4",136
"252","72fd934c",295
"253","737a170c",136
"254","748f511e",227
"255","75b9faa4",371
"256","75c641f3",273
"257","75d6a015",288
"258","76122084",167
"259","773a3436",379
"260","77e0ae27",258
"261","7853545e",76
"262","78be7b49",235
"263","78c17ebb",288
"264","79997a04",311
"265","799ae284",144
"266","7b40afe7",273
"267","7b5cfcfd",220
"268","7b869493",167
"269","7bf5373c",280
"270","7c04d967",265
"271","7c2f19f9",235
"272","7cc6b046",205
"273","7d8b89cf",227
"274","7d8c51be",242
"275","7dd60ead",189
"276","7dd7b85b",167
"277","7dea4013",235
"278","7fbf320e",265
"279","809f2737",280
"280","80daf581",212
"281","8141ad3e",235
"282","81e18689",212
"283","8205a876",439
"284","82bf75f4",295
"285","82eb5b29",197
"286","830d00c3",424
"287","8364dbb2",197
"288","83ac6952",220
"289","8476e4e6",333
"290","84a9c3c5",189
"291","84b62128",129
"292","85ce72be",205
"293","86070f63",258
"294","863a7a40",205
"295","865387d8",174
"296","86b03698",189
"297","8769424d",273
"298","886e43ea",83
"299","88bd2854",356
"300","88c707b9",91
"301","88f67137",129
"302","8928d7a8",265
"303","8948e057",333
"304","894979c7",197
"305","8a2de222",227
"306","8a473c59",152
"307","8aedd876",326
"308","8b64ec14",280
"309","8c628dc8",280
"310","8c86404d",341
"311","8cba9ae4",159
"312","8ccbaff2",288
"313","8e130c8f",242
"314","8e9ede18",174
"315","8efedced",333
"316","8f65945d",424
"317","9063ac73",98
"318","906abfc7",227
"319","90baa22b",341
"320","9134ff9c",61
"321","91881f0c",273
"322","9210bf78",265
"323","9274383d",318
"324","927c317d",288
"325","92c4acd3",318
"326","93b6cfc1",182
"327","9404cda9",364
"328","948b1ace",258
"329","94b28814",258
"330","94fab2bb",288
"331","965ac95c",318
"332","96c21cb3",114
"333","97793f7c",205
"334","97c7c1b5",136
"335","97ccc01d",250
"336","980d9b48",242
"337","9817a11e",205
"338","98780af0",265
"339","98f131d7",341
"340","99084368",303
"341","99f78516",136
"342","9a25b086",311
"343","9b3dc002",303
"344","9ba99466",227
"345","9cd30309",182
"346","9d93b8ee",174
"347","9e5880eb",182
"348","9e9c8bfe",364
"349","9f46360c",235
"350","9fd28b83",295
"351","a046b1e6",152
"352","a0d860bf",167
"353","a12398aa",356
"354","a1327b15",326
"355","a18ecc4e",227
"356","a1b4d288",303
"357","a30b9f6a",356
"358","a34ae8d0",205
"359","a56cb82f",326
"360","a6b95dc0",258
"361","a74933aa",280
"362","a7aa3f59",250
"363","a7d7afd6",227
"364","a8bd794c",167
"365","a8ca8a73",265
"366","a9ab88e3",61
"367","a9b7a050",258
"368","aa3a9fb5",205
"369","aaa3203e",167
"370","aaa3534f",258
"371","aac0beb4",250
"372","aac255af",273
"373","ab7e59c7",152
"374","abba9ca3",227
"375","acd7b4f7",288
"376","acfde6d2",136
"377","ad8c9253",265
"378","adb079b7",174
"379","adf4bdc2",114
"380","b04e7a9f",159
"381","b07a9228",152
"382","b18466d5",144
"383","b2724d1d",326
"384","b27b4a98",220
"385","b286a11e",250
"386","b366ed59",182
"387","b3725db2",182
"388","b3b50d4a",273
"389","b3c99902",167
"390","b3ed4375",386
"391","b4776b90",227
"392","b4a7cd69",333
"393","b544d9a5",295
"394","b6888ee6",129
"395","b6901f9b",311
"396","b6c48cdb",212
"397","b80beef0",333
"398","b8ada622",258
"399","bab8cbf5",0
"400","bb457a36",364
"401","bb595127",348
"402","bbcdccb8",220
"403","bc571555",280
"404","bc6a8480",288
"405","bc6a88b5",265
"406","bc82a988",273
"407","bcc26613",303
"408","bd135c46",303
"409","bd1fd772",182
"410","bd895489",265
"411","be8b6baa",273
"412","bef20aa4",333
"413","bf0381d0",242
"414","bf83b134",341
"415","bf8c4621",288
"416","bf8fa362",114
"417","c0225fe1",295
"418","c0acd456",258
"419","c2939a84",98
"420","c2ed12f0",242
"421","c444de08",182
"422","c4578853",205
"423","c50b1a62",129
"424","c61db280",258
"425","c70d89a2",258
"426","c764744b",485
"427","c76ebafe",167
"428","c77cc0c6",250
"429","c848bdb0",227
"430","c8aaae9a",258
"431","c8d12ae0",265
"432","c8d3a9b4",227
"433","c922d25a",212
"434","c999c3f5",280
"435","cb192603",303
"436","cbde52de",189
"437","cc35ce30",227
"438","cd5064ed",235
"439","cd60f70d",303
"440","cdd744e7",144
"441","ce617d7d",136
"442","ce686d71",174
"443","d042ae66",227
"444","d0711e00",250
"445","d0b458b0",417
"446","d0f9c863",152
"447","d10fe0e6",288
"448","d1bc4b3f",250
"449","d1bde0f2",212
"450","d1c67f53",303
"451","d1ed69af",341
"452","d284613d",295
"453","d2960031",379
"454","d2e14cd8",159
"455","d2e27e4d",371
"456","d37e7c84",220
"457","d4f80cb0",242
"458","d500008c",280
"459","d5489fe2",205
"460","d550070a",182
"461","d581439c",242
"462","d587089c",265
"463","d665821e",159
"464","d772499c",500
"465","d80c241e",258
"466","d852f146",197
"467","da5e8888",333
"468","db037029",250
"469","dbba5286",258
"470","dc87d51c",417
"471","dcc07942",326
"472","dd3fe082",220
"473","dd6bf9fb",303
"474","dde1999b",152
"475","dde23585",227
"476","df278b06",227
"477","df686f1b",265
"478","dfc6a217",174
"479","dff895b2",288
"480","dffb138f",205
"481","e098cf31",189
"482","e0da8b59",182
"483","e101978a",212
"484","e104e934",174
"485","e10c2095",167
"486","e12db0d2",303
"487","e1fe67f4",167
"488","e22e5998",144
"489","e24e3f73",182
"490","e3375e89",394
"491","e41b2548",273
"492","e498c332",280
"493","e5d0994f",167
"494","e741dceb",159
"495","e7a55a91",205
"496","e7a60e03",227
"497","e7f2d790",250
"498","e7f84291",295
"499","e81f635b",311
"500","e947a5a0",379
"501","e9f0029e",273
"502","ea500b6e",250
"503","ebaae4bd",83
"504","ec356208",280
"505","ed167920",220
"506","ed2ad508",318
"507","ed5b1361",273
"508","ede55bd7",311
"509","ee6777fa",167
"510","ee9febae",144
"511","eec4c425",402
"512","efb921f3",295
"513","f04679c9",311
"514","f0560bcc",303
"515","f0580354",212
"516","f15a18ce",167
"517","f1b5d0a0",189
"518","f1c13d6c",242
"519","f32c0cae",432
"520","f350611d",197
"521","f3c5b8c3",303
"522","f436dc91",326
"523","f6992c92",318
"524","f7073349",129
"525","f7314e66",129
"526","f79e2067",182
"527","f7a153a6",303
"528","f7ab67cc",189
"529","f7f9c622",379
"530","f83746c6",152
"531","f869c0ad",227
"532","f8cb42cf",318
"533","f8ced0df",189
"534","fa29684c",220
"535","fa47d7d0",174
"536","fab3198a",250
"537","faf22ce9",379
"538","fb5da7fe",402
"539","fbc09a16",182
"540","fc074eff",220
"541","fccc1bc6",212
"542","fcd29ebc",326
"543","fd38c592",38
"544","fd3f0257",311
"545","fd4e88c0",98
"546","fdf590b8",258
"547","fef7fc93",242
"548","ff6f866d",265
"549","fff52bc6",379
